{
  "current": {
    "color_text": "#3d4246",
    "color_body_text": "#69727b",
    "color_sale_text": "#557b97",
    "color_button": "#557b97",
    "color_button_text": "#fff",
    "color_small_button_text_border": "#3d4246",
    "color_text_field_text": "#000",
    "color_text_field_border": "#949494",
    "color_text_field": "#fff",
    "color_image_overlay_text": "#fff",
    "color_image_overlay": "#3d4246",
    "image_overlay_opacity": 40,
    "color_borders": "#e8e9eb",
    "color_body_bg": "#fff",
    "type_header_font": "georgia_pro_n4",
    "type_header_base_size": 36,
    "type_base_font": "work_sans_n4",
    "type_base_size": 16,
    "type_bold_product_titles": false,
    "share_image": "",
    "share_facebook": true,
    "share_twitter": true,
    "share_pinterest": true,
    "social_twitter_link": "",
    "social_facebook_link": "https:\/\/www.facebook.com\/georgiagranitegroup",
    "social_pinterest_link": "",
    "social_instagram_link": "",
    "social_tumblr_link": "",
    "social_snapchat_link": "",
    "social_youtube_link": "",
    "social_vimeo_link": "",
    "favicon": "shopify:\/\/shop_images\/Asset_3_GGGlogo.png",
    "enable_ajax": true,
    "checkout_header_image": "",
    "checkout_logo_image": "",
    "checkout_logo_position": "left",
    "checkout_logo_size": "medium",
    "checkout_body_background_image": "",
    "checkout_body_background_color": "#fff",
    "checkout_input_background_color_mode": "white",
    "checkout_sidebar_background_image": "",
    "checkout_sidebar_background_color": "#fafafa",
    "checkout_heading_font": "-apple-system, BlinkMacSystemFont, 'Segoe UI', Roboto, Helvetica, Arial, sans-serif, 'Apple Color Emoji', 'Segoe UI Emoji', 'Segoe UI Symbol'",
    "checkout_body_font": "-apple-system, BlinkMacSystemFont, 'Segoe UI', Roboto, Helvetica, Arial, sans-serif, 'Apple Color Emoji', 'Segoe UI Emoji', 'Segoe UI Symbol'",
    "checkout_accent_color": "#197bbd",
    "checkout_button_color": "#197bbd",
    "checkout_error_color": "#e32c2b",
    "sections": {
      "header": {
        "type": "header",
        "settings": {
          "align_logo": "left",
          "logo": "shopify:\/\/shop_images\/Asset_3_GGGlogo.png",
          "logo_max_width": 90,
          "main_linklist": "main-menu",
          "message": true,
          "home_page_only": true,
          "message_text": "Domestic Manufacturer & Importer of custom granite memorials and Family Estates. EMAIL US! sales@georgiagranitegroup.com",
          "message_link": "mailto:sales@georgiagranitegroup.com",
          "color_bg": "#000000",
          "color_text": "#ffffff"
        }
      },
      "hero": {
        "type": "hero",
        "settings": {
          "image": "shopify:\/\/shop_images\/photo-1533744166698-067247b1ba8b.jpg",
          "alignment": "bottom",
          "hero_layout": "full_width",
          "hero_size": "medium",
          "text_size": "large",
          "title": "Georgia Granite Group",
          "text": "<p>Service Beyond Expectation<\/p>",
          "button_label": "Sign In to View Inventory",
          "button_link": "shopify:\/\/collections\/all"
        }
      },
      "footer": {
        "type": "footer",
        "blocks": {
          "text": {
            "type": "text",
            "settings": {
              "title": "Thank You",
              "text": "<p>&nbsp;Georgia Granite Group is here to help. &nbsp;We couldn't accomplish our goals without the help of supporters like you.<\/p>"
            }
          },
          "1572105439311": {
            "type": "text",
            "settings": {
              "title": "Contact Us",
              "text": "<p>Phone:&nbsp;<a href=\"tel:8334378663\">833-437-8663<\/a><\/p>\n<p>Email:&nbsp;<a href=\"mailto:sales@georgiagranitegroup.com\">sales@georgiagranitegroup.com<\/a><\/p>"
            }
          },
          "1572105330436": {
            "type": "text",
            "settings": {
              "title": "Hours",
              "text": "<p><\/p>\n<p>Monday - Friday: 8 am - 5 pm EST<\/p>\n<p>Saturday - By Appointments<\/p>\n<p>Sunday: Closed in Reverence to the Lord<\/p>"
            }
          },
          "newsletter": {
            "type": "newsletter",
            "settings": {
              "title": "Register For Updates"
            }
          }
        },
        "block_order": [
          "text",
          "1572105439311",
          "1572105330436",
          "newsletter"
        ],
        "settings": {
          "show_payment_icons": false,
          "color_footer_bg": "#f5f5f5",
          "color_footer_text": "#3d4246"
        }
      },
      "collection-template": {
        "type": "collection-template",
        "settings": {
          "layout": "list",
          "grid": 2,
          "rows": 2,
          "show_collection_image": true,
          "show_vendor": false,
          "sort_enable": true,
          "tags_enable": true
        }
      },
      "product-template": {
        "type": "product-template",
        "settings": {
          "image_size": "medium",
          "show_quantity_selector": false,
          "show_variant_labels": true,
          "show_vendor": false,
          "enable_zoom": true,
          "enable_payment_button": true,
          "show_share_buttons": true
        }
      },
      "product-recommendations": {
        "type": "product-recommendations",
        "settings": {
          "show_product_recommendations": true,
          "heading": "You may also like",
          "show_vendor": false
        }
      },
      "list-collections-template": {
        "type": "list-collections-template",
        "settings": {
          "display_type": "all",
          "sort": "alphabetical",
          "grid": 5
        }
      },
      "1572100514893": {
        "type": "slideshow",
        "blocks": {
          "1572100514893-0": {
            "type": "image",
            "settings": {
              "image": "shopify:\/\/shop_images\/Blocks.jpg",
              "alignment": "center center",
              "slide_title": "Who We Are",
              "subheading": "The Georgia Granite Group is based out of Elberton, GA. We are a domestic producer and importer of granite blocks, slabs and memorials. We offer unmatched service at competitive prices.",
              "button_label": "",
              "button_link": ""
            }
          },
          "1572100514893-1": {
            "type": "image",
            "settings": {
              "image": "shopify:\/\/shop_images\/58883139_2035429810093740_5019107015557906432_o.jpg",
              "alignment": "center center",
              "slide_title": "What We Do",
              "subheading": "With our varied backgrounds in the Memorial Industry, GGG is setting its self apart from the competition by keeping the customer 1st.  Guaranteeing unsurpassed quality while maintaining Best In Class customer service is paramount to our success.",
              "button_label": "",
              "button_link": ""
            }
          }
        },
        "block_order": [
          "1572100514893-0",
          "1572100514893-1"
        ],
        "settings": {
          "slideshow_height": "adapt",
          "text_size": "medium",
          "text_alignment": "center center",
          "show_overlay": true,
          "autorotate": false,
          "autorotate_speed": 5
        }
      },
      "1572101465471": {
        "type": "feature-columns",
        "blocks": {
          "1572101465471-0": {
            "type": "text_block",
            "settings": {
              "enable_image": true,
              "image": "shopify:\/\/shop_images\/Silver_Cloud_with_blur.jpg",
              "title": "Domestic",
              "text": "<p>As an owner of several granite quarries and having access to many others throughout he world, GGG is the premiere source for blocks, slabs and private\/civic memorial stone.<\/p>",
              "button_label": "",
              "button_link": ""
            }
          },
          "1572101465471-2": {
            "type": "text_block",
            "settings": {
              "enable_image": true,
              "image": "shopify:\/\/shop_images\/Plant_mission.jpg",
              "title": "Mission",
              "text": "<p>Georgia Granite Group is a small, domestically owned company in Northeast Georgia. &nbsp;We understand the needs of other small businesses, mainly trust. We strive to provide competitively price goods and the best customer service experience without the pitfalls of our larger, corporately owned competitors.&nbsp;<\/p>",
              "button_label": "",
              "button_link": ""
            }
          },
          "1572101465471-1": {
            "type": "text_block",
            "settings": {
              "enable_image": true,
              "image": "shopify:\/\/shop_images\/P1030116.MP4.00_00_00_00.Still001.jpg",
              "title": "Imports",
              "text": "<p>With our unique relationships throughout the world with many quarry owners, we buy raw materials directly from them, saving you money and time by eliminating the middle man.&nbsp;<\/p>",
              "button_label": "",
              "button_link": ""
            }
          }
        },
        "block_order": [
          "1572101465471-0",
          "1572101465471-2",
          "1572101465471-1"
        ],
        "settings": {
          "title": "Our Services",
          "align_text": "center"
        }
      },
      "cart-template": {
        "type": "cart-template",
        "settings": {
          "cart_ajax_enable": true,
          "cart_notes_enable": false
        }
      }
    },
    "content_for_index": [
      "hero",
      "1572101465471",
      "1572100514893"
    ]
  },
  "presets": {
    "Default": {
      "color_text": "#3d4246",
      "color_body_text": "#69727b",
      "color_sale_text": "#557B97",
      "color_borders": "#e8e9eb",
      "color_button": "#557B97",
      "color_button_text": "#fff",
      "color_small_button_text_border": "#3d4246",
      "color_text_field": "#fff",
      "color_text_field_text": "#000",
      "color_text_field_border": "#949494",
      "color_image_overlay_text": "#fff",
      "color_image_overlay": "#3d4246",
      "image_overlay_opacity": 40,
      "color_body_bg": "#fff",
      "type_header_font": "work_sans_n6",
      "type_header_base_size": 26,
      "type_base_font": "work_sans_n4",
      "type_base_size": 16,
      "type_bold_product_titles": false,
      "share_facebook": true,
      "share_twitter": true,
      "share_pinterest": true,
      "sections": {
        "header": {
          "type": "header",
          "settings": {}
        },
        "hero": {
          "type": "hero",
          "settings": {
            "text_size": "large"
          }
        },
        "slideshow": {
          "type": "slideshow",
          "blocks": {
            "slideshow-0": {
              "type": "image",
              "settings": {}
            },
            "slideshow-1": {
              "type": "image",
              "settings": {}
            }
          },
          "block_order": [
            "slideshow-0",
            "slideshow-1"
          ],
          "settings": {}
        },
        "featured-collections": {
          "type": "collection",
          "settings": {
            "collection": "frontpage"
          }
        },
        "feature-row": {
          "type": "feature-row",
          "settings": {}
        },
        "footer": {
          "type": "footer",
          "blocks": {
            "link_list": {
              "type": "link_list",
              "settings": {}
            },
            "text": {
              "type": "text",
              "settings": {}
            },
            "newsletter": {
              "type": "newsletter",
              "settings": {}
            }
          },
          "block_order": [
            "link_list",
            "text",
            "newsletter"
          ],
          "settings": {}
        }
      },
      "content_for_index": [
        "hero",
        "featured-collections",
        "feature-row",
        "slideshow"
      ]
    },
    "Light": {
      "color_text": "#162950",
      "color_body_text": "#6d6d6d",
      "color_sale_text": "#DA2F0C",
      "color_borders": "#e4e4e4",
      "color_button": "#DA2F0C",
      "color_button_text": "#ffffff",
      "color_small_button_text_border": "#162950",
      "color_text_field": "#ffffff",
      "color_text_field_text": "#162950",
      "color_text_field_border": "#909090",
      "color_image_overlay_text": "#ffffff",
      "color_image_overlay": "#3d3d3d",
      "image_overlay_opacity": 40,
      "color_body_bg": "#f8f8f8",
      "type_header_font": "muli_n6",
      "type_header_base_size": 26,
      "type_base_font": "muli_n4",
      "type_base_size": 18,
      "type_bold_product_titles": true,
      "share_facebook": true,
      "share_twitter": true,
      "share_pinterest": true,
      "social_twitter_link": "",
      "social_facebook_link": "",
      "social_pinterest_link": "",
      "social_instagram_link": "",
      "social_tumblr_link": "",
      "social_snapchat_link": "",
      "social_youtube_link": "",
      "social_vimeo_link": "",
      "favicon": "",
      "checkout_header_image": "",
      "checkout_logo_image": "",
      "checkout_logo_position": "left",
      "checkout_logo_size": "small",
      "checkout_body_background_image": "",
      "checkout_body_background_color": "#ffffff",
      "checkout_input_background_color_mode": "white",
      "checkout_sidebar_background_image": "",
      "checkout_sidebar_background_color": "#e8f3f6",
      "checkout_heading_font": "Roboto",
      "checkout_body_font": "Source Sans Pro",
      "checkout_accent_color": "#1990c6",
      "checkout_button_color": "#23314e",
      "checkout_error_color": "#ff6d6d",
      "sections": {
        "header": {
          "type": "header",
          "settings": {
            "align_logo": "left",
            "logo": "",
            "logo_max_width": 135,
            "main_linklist": "main-menu",
            "message": true,
            "color_bg": "#162950",
            "color_text": "#ffffff"
          }
        },
        "hero": {
          "type": "hero",
          "settings": {
            "alignment": "center",
            "hero_size": "x-large",
            "text_size": "large"
          }
        },
        "slideshow": {
          "type": "slideshow",
          "blocks": {
            "slideshow-0": {
              "type": "image",
              "settings": {
                "image": "",
                "alignment": "center center"
              }
            },
            "1492095993817": {
              "type": "image",
              "settings": {
                "image": "",
                "alignment": "center"
              }
            }
          },
          "block_order": [
            "slideshow-0",
            "1492095993817"
          ],
          "settings": {
            "slideshow_height": "medium",
            "text_size": "medium",
            "autorotate": false,
            "autorotate_speed": 5
          }
        },
        "featured-collections": {
          "type": "collection",
          "settings": {
            "grid": 3,
            "rows": 1,
            "show_vendor": true,
            "show_view_all": true
          }
        },
        "product-template": {
          "type": "product-template",
          "settings": {
            "image_size": "medium",
            "show_quantity_selector": false,
            "show_variant_labels": true,
            "show_vendor": false,
            "enable_zoom": true,
            "show_share_buttons": true
          }
        },
        "collection-template": {
          "type": "collection-template",
          "settings": {
            "layout": "grid",
            "grid": 2,
            "rows": 2,
            "show_collection_image": true,
            "show_vendor": false,
            "sort_enable": true,
            "tags_enable": true
          }
        },
        "1492033809691": {
          "type": "map",
          "settings": {}
        },
        "1492033877875": {
          "type": "quotes",
          "blocks": {
            "1492033877875-0": {
              "type": "quote",
              "settings": {}
            }
          },
          "block_order": [
            "1492033877875-0"
          ],
          "settings": {}
        },
        "1492033924902": {
          "type": "custom-content",
          "blocks": {
            "1492033924902-0": {
              "type": "text",
              "settings": {
                "width": "100%",
                "alignment": "center",
                "align_text": "center"
              }
            }
          },
          "block_order": [
            "1492033924902-0"
          ],
          "settings": {
            "title": ""
          }
        },
        "1492096252560": {
          "type": "collection-list",
          "blocks": {
            "1492096252560-0": {
              "type": "featured_collection",
              "settings": {}
            },
            "1492096252560-1": {
              "type": "featured_collection",
              "settings": {}
            },
            "1492096252560-2": {
              "type": "featured_collection",
              "settings": {}
            }
          },
          "block_order": [
            "1492096252560-0",
            "1492096252560-1",
            "1492096252560-2"
          ],
          "settings": {
            "grid": 3
          }
        },
        "blog-template": {
          "type": "blog-template",
          "settings": {
            "layout": "grid",
            "blog_show_author": true,
            "blog_show_date": false
          }
        },
        "article-template": {
          "type": "article-template",
          "settings": {
            "blog_show_author": true,
            "blog_show_date": true,
            "show_share_buttons": true
          }
        },
        "cart-template": {
          "type": "cart-template",
          "settings": {
            "cart_notes_enable": false
          }
        },
        "footer": {
          "type": "footer",
          "blocks": {
            "link_list": {
              "type": "link_list",
              "settings": {}
            },
            "text": {
              "type": "text",
              "settings": {}
            },
            "newsletter": {
              "type": "newsletter",
              "settings": {}
            }
          },
          "block_order": [
            "link_list",
            "text",
            "newsletter"
          ],
          "settings": {}
        }
      },
      "content_for_index": [
        "hero",
        "featured-collections",
        "slideshow",
        "1492033924902",
        "1492096252560",
        "1492033877875",
        "1492033809691"
      ]
    }
  }
}